4.0,Plant_ID,Cluster_ID,Treatment,Movement,Fertilization,Host_Variation,Host_Species,ILN,LLL,FPLD_1,FPLD_2,FPLD_3,FPLD_4,FPLD_5,FPLD_6,FPLD_7,FPLD_8,FPLD_9,Total_FPLD,Mean_PLD,FSN,ISMM,ISM,FSMM,FSM,RGR,Notes
1,A1,A1_A6,MY_FY_HN,Y,Y,N,K,5,11.7,0.0,0.0,0.0,0.0,0.0,NA,NA,NA,NA,0,0,2,0.62271,0.103785,0.13863,0.069315,-0.4036601186,NA
1,A2,A1_A6,MY_FY_HN,Y,Y,N,K,6,11.8,0.0,0.0,0.0,0.0,0.0,0.0,NA,NA,NA,0,0,2,0.62271,0.103785,0.13863,0.069315,-0.4036601186,NA
1,A3,A1_A6,MY_FY_HN,Y,Y,N,K,5,10.2,0.0,0.0,0.0,0.0,0.0,NA,NA,NA,NA,0,0,2,0.62271,0.103785,0.13863,0.069315,-0.4036601186,NA
1,A4,A1_A6,MY_FY_HN,Y,Y,N,K,6,11.4,0.0,0.0,0.0,0.0,0.0,0.0,NA,NA,NA,0,0,2,0.62271,0.103785,0.13863,0.069315,-0.4036601186,NA
1,A5,A1_A6,MY_FY_HN,Y,Y,N,K,6,10.7,0.0,0.0,0.0,0.0,0.0,0.0,NA,NA,NA,0,0,2,0.62271,0.103785,0.13863,0.069315,-0.4036601186,NA
1,A6,A1_A6,MY_FY_HN,Y,Y,N,K,6,10.8,0.0,0.0,0.0,0.0,0.0,0.0,NA,NA,NA,0,0,2,0.62271,0.103785,0.13863,0.069315,-0.4036601186,NA
1,A7,A7_A12,MY_FY_HN,Y,Y,N,K,6,11.4,0.0,0.0,0.0,0.0,0.0,0.0,NA,NA,NA,0,0,3,0.55178,0.09196333333,0.31979,0.1065966667,0.1476622948,NA
1,A8,A7_A12,MY_FY_HN,Y,Y,N,K,6,11.1,0.0,0.0,0.0,0.0,0.0,0.0,NA,NA,NA,0,0,3,0.55178,0.09196333333,0.31979,0.1065966667,0.1476622948,NA
1,A9,A7_A12,MY_FY_HN,Y,Y,N,K,6,10.4,0.0,0.0,0.0,0.0,0.0,0.0,NA,NA,NA,0,0,3,0.55178,0.09196333333,0.31979,0.1065966667,0.1476622948,NA
1,A10,A7_A12,MY_FY_HN,Y,Y,N,K,5,10.3,0.0,0.0,0.0,0.0,0.0,NA,NA,NA,NA,0,0,3,0.55178,0.09196333333,0.31979,0.1065966667,0.1476622948,NA
1,A11,A7_A12,MY_FY_HN,Y,Y,N,K,6,10.4,0.0,0.0,0.0,0.0,0.0,0.0,NA,NA,NA,0,0,3,0.55178,0.09196333333,0.31979,0.1065966667,0.1476622948,NA
1,A12,A7_A12,MY_FY_HN,Y,Y,N,K,5,11.3,0.0,0.0,0.0,0.0,0.0,NA,NA,NA,NA,0,0,3,0.55178,0.09196333333,0.31979,0.1065966667,0.1476622948,NA
1,A13,A13_A18,MY_FY_HN,Y,Y,N,K,6,12.6,0.0,0.0,0.0,0.0,0.0,0.0,NA,NA,NA,0,0,6,0.54504,0.09084,0.43976,NA,NA,NA
1,A14,A13_A11,MY_FY_HN,Y,Y,N,K,5,10.4,0.0,0.0,0.0,0.0,0.0,NA,NA,NA,NA,0,0,6,0.54504,0.09084,0.43976,NA,NA,NA
1,A15,A13_A18,MY_FY_HN,Y,Y,N,K,5,11,0.0,0.0,0.0,0.0,0.0,NA,NA,NA,NA,0,0,6,0.54504,0.09084,0.43976,NA,NA,NA
1,A16,A13_A18,MY_FY_HN,Y,Y,N,K,7,12.3,0.0,0.0,0.0,0.0,0.0,0.0,0.0,NA,NA,0,0,6,0.54504,0.09084,0.43976,NA,NA,NA
1,A17,A13_A18,MY_FY_HN,Y,Y,N,K,6,11.6,0.0,0.0,0.0,0.0,0.0,0.0,NA,NA,NA,0,0,6,0.54504,0.09084,0.43976,NA,NA,NA
1,A18,A13_A18,MY_FY_HN,Y,Y,N,K,6,11.8,0.0,0.0,0.0,0.0,0.0,0.0,NA,NA,NA,0,0,6,0.54504,0.09084,0.43976,NA,NA,NA
1,A19,NA,MN_FY_HY,N,Y,Y,K,6,10.6,0.0,0.0,0.0,0.0,0.0,0.0,NA,NA,NA,0,0,0,NA,NA,NA,NA,NA,NA
1,A20,NA,MN_FY_HY,N,Y,Y,K,6,11.1,0.0,0.0,0.0,0.0,0.0,0.0,NA,NA,NA,0,0,1,NA,NA,NA,0.05561,#NUM!,NA
1,A21,NA,MN_FY_HY,N,Y,Y,K,6,9.6,0.0,0.0,0.0,0.0,0.0,0.0,NA,NA,NA,0,0,1,NA,NA,NA,0.09107,#NUM!,NA
1,A22,NA,MN_FY_HY,N,Y,Y,K,6,11.5,0.0,0.0,0.0,0.0,0.0,0.0,NA,NA,NA,0,0,0,NA,NA,NA,NA,NA,NA
1,A23,NA,MN_FY_HY,N,Y,Y,K,7,9.8,0.0,0.0,0.0,0.0,0.0,0.0,0.0,NA,NA,0,0,1,NA,NA,NA,0.059,#NUM!,NA
1,A24,NA,MN_FY_HY,N,Y,Y,K,7,11.6,0.0,0.0,0.0,0.0,0.0,0.0,0.0,NA,NA,0,0,1,NA,NA,NA,0.05294,#NUM!,NA
1,A25,NA,MN_FY_HY,N,Y,Y,K,6,11.3,0.0,0.0,0.0,0.0,0.0,0.0,NA,NA,NA,0,0,0,NA,NA,NA,NA,NA,NA
1,A26,NA,MN_FY_HY,N,Y,Y,K,6,11.2,0.0,0.0,0.0,0.0,0.0,0.0,NA,NA,NA,0,0,0,NA,NA,NA,NA,NA,NA
1,A27,NA,MN_FY_HY,N,Y,Y,K,6,10.5,0.0,0.0,0.0,0.0,0.0,0.0,NA,NA,NA,0,0,1,NA,NA,NA,0.07655,#NUM!,NA
1,A28,NA,MN_FY_HY,N,Y,Y,M,5,12.6,0.0,0.0,0.0,0.0,0.0,NA,NA,NA,NA,0,0,0,NA,NA,NA,NA,NA,NA
1,A29,NA,MN_FY_HY,N,Y,Y,M,4,9.6,0.0,0.0,0.0,0.0,NA,NA,NA,NA,NA,0,0,1,NA,NA,NA,0.06095,#NUM!,NA
1,A30,NA,MN_FY_HY,N,Y,Y,M,5,13.7,0.0,0.0,0.0,0.0,0.0,NA,NA,NA,NA,0,0,0,NA,NA,NA,NA,NA,NA
1,A31,NA,MN_FY_HY,N,Y,Y,M,5,5,0.0,0.0,0.0,0.0,0.0,NA,NA,NA,NA,0,0,0,NA,NA,NA,NA,NA,NA
1,A32,NA,MN_FY_HY,N,Y,Y,M,4,10.6,0.0,0.0,0.0,0.0,NA,NA,NA,NA,NA,0,0,0,NA,NA,NA,NA,NA,NA
1,A33,NA,MN_FY_HY,N,Y,Y,M,5,13.5,0.0,0.0,0.0,0.0,0.0,NA,NA,NA,NA,0,0,1,NA,NA,NA,0.14608,#NUM!,NA
1,A34,NA,MN_FY_HY,N,Y,Y,M,4,11.5,0.0,0.0,0.0,0.0,NA,NA,NA,NA,NA,0,0,0,NA,NA,NA,NA,NA,NA
1,A35,NA,MN_FY_HY,N,Y,Y,M,6,12.8,0.0,0.0,0.0,0.0,0.0,0.0,NA,NA,NA,0,0,0,NA,NA,NA,NA,NA,NA
1,A36,NA,MN_FY_HY,N,Y,Y,M,5,11.1,0.0,0.0,0.0,0.0,0.0,NA,NA,NA,NA,0,0,1,NA,NA,NA,0.144,#NUM!,NA
1,N1,N1_N6,MY_FY_HY,Y,Y,Y,K,6,13.5,0.0,0.0,0.0,0.0,0.0,0.0,NA,NA,NA,0,0,0,0.61545,0.102575,0.46932,0.093864,-0.08874731221,NA
1,N2,N1_N6,MY_FY_HY,Y,Y,Y,M,5,15,1.0,0.0,0.0,0.0,0.0,NA,NA,NA,NA,1,0.2,1,0.61545,0.102575,0.46932,0.093864,-0.08874731221,NA
1,N3,N1_N6,MY_FY_HY,Y,Y,Y,K,6,10.3,1.0,0.0,0.0,0.0,0.0,0.0,NA,NA,NA,1,0.1666666667,1,0.61545,0.102575,0.46932,0.093864,-0.08874731221,NA
1,N4,N1_N6,MY_FY_HY,Y,Y,Y,M,4,15.5,0.0,0.0,0.0,0.0,NA,NA,NA,NA,NA,0,0,2,0.61545,0.102575,0.46932,0.093864,-0.08874731221,NA
1,N5,N1_N6,MY_FY_HY,Y,Y,Y,K,6,10.2,0.0,0.0,0.0,0.0,0.0,0.0,NA,NA,NA,0,0,0,0.61545,0.102575,0.46932,0.093864,-0.08874731221,NA
1,N6,N1_N6,MY_FY_HY,Y,Y,Y,M,5,3.3,0.0,0.0,0.0,0.0,0.0,NA,NA,NA,NA,0,0,1,0.61545,0.102575,0.46932,0.093864,-0.08874731221,NA
1,N7,N7_N12,MY_FY_HY,Y,Y,Y,K,6,10.5,0.0,0.0,0.0,0.0,0.0,0.0,NA,NA,NA,0,0,0,0.64448,0.1074133333,0.13353,0.066765,-0.4755053297,NA
1,N8,N7_N12,MY_FY_HY,Y,Y,Y,M,6,14.1,0.0,0.0,0.0,0.0,0.0,0.0,NA,NA,NA,0,0,1,0.64448,0.1074133333,0.13353,0.066765,-0.4755053297,NA
1,N9,N7_N12,MY_FY_HY,Y,Y,Y,K,6,10.7,0.0,0.0,0.0,0.0,0.0,0.0,NA,NA,NA,0,0,1,0.64448,0.1074133333,0.13353,0.066765,-0.4755053297,NA
1,N10,N7_N12,MY_FY_HY,Y,Y,Y,M,5,17,0.0,0.0,0.0,0.0,0.0,NA,NA,NA,NA,0,0,0,0.64448,0.1074133333,0.13353,0.066765,-0.4755053297,NA
1,N11,N7_N12,MY_FY_HY,Y,Y,Y,K,6,11.1,0.0,0.0,0.0,0.0,0.0,0.0,NA,NA,NA,0,0,0,0.64448,0.1074133333,0.13353,0.066765,-0.4755053297,NA
1,N12,N7_N12,MY_FY_HY,Y,Y,Y,M,6,14,0.0,0.0,0.0,0.0,0.0,0.0,NA,NA,NA,0,0,0,0.64448,0.1074133333,0.13353,0.066765,-0.4755053297,NA
1,N13,N13_N18,MY_FY_HY,Y,Y,Y,K,6,10.5,0.0,0.0,0.0,0.0,0.0,0.0,NA,NA,NA,0,0,0,0.67467,0.112445,0.27302,0.09100666667,-0.2115314493,NA
1,N14,N13_N18,MY_FY_HY,Y,Y,Y,M,5,15.3,0.0,0.0,0.0,0.0,0.0,NA,NA,NA,NA,0,0,1,0.67467,0.112445,0.27302,0.09100666667,-0.2115314493,NA
1,N15,N13_N18,MY_FY_HY,Y,Y,Y,K,6,11,0.0,0.0,0.0,0.0,0.0,0.0,NA,NA,NA,0,0,0,0.67467,0.112445,0.27302,0.09100666667,-0.2115314493,NA
1,N16,N13_N18,MY_FY_HY,Y,Y,Y,M,5,15.8,0.0,0.0,0.0,0.0,0.0,NA,NA,NA,NA,0,0,1,0.67467,0.112445,0.27302,0.09100666667,-0.2115314493,NA
1,N17,N13_N18,MY_FY_HY,Y,Y,Y,K,6,11.6,0.0,0.0,0.0,0.0,0.0,0.0,NA,NA,NA,0,0,1,0.67467,0.112445,0.27302,0.09100666667,-0.2115314493,NA
1,N18,N13_N18,MY_FY_HY,Y,Y,Y,M,6,17.5,0.0,0.0,0.0,0.0,0.0,0.0,NA,NA,NA,0,0,0,0.67467,0.112445,0.27302,0.09100666667,-0.2115314493,NA
1,N19,NA,MN_FY_HN,N,Y,N,K,5,11.7,0.0,0.0,0.0,0.0,0.0,NA,NA,NA,NA,0,0,0,NA,0.23513,NA,NA,NA,NA
1,N20,NA,MN_FY_HN,N,Y,N,K,5,10.4,0.0,0.0,0.0,0.0,0.0,NA,NA,NA,NA,0,0,0,NA,0.13721,NA,NA,NA,on tape
1,N21,NA,MN_FY_HN,N,Y,N,K,6,11.8,0.0,0.0,0.0,0.0,0.0,0.0,NA,NA,NA,0,0,0,NA,0.24719,NA,NA,NA,on tape
1,N22,NA,MN_FY_HN,N,Y,N,K,6,12,0.0,0.0,0.0,0.0,0.0,0.0,NA,NA,NA,0,0,0,NA,0.29513,NA,NA,NA,on tape
1,N23,NA,MN_FY_HN,N,Y,N,K,5,11.6,0.0,0.0,0.0,0.0,0.0,NA,NA,NA,NA,0,0,0,NA,0.26285,NA,NA,NA,NA
1,N24,NA,MN_FY_HN,N,Y,N,K,6,9.6,0.0,0.0,0.0,0.0,0.0,0.0,NA,NA,NA,0,0,1,NA,0.28698,NA,0.27543,-0.0410790141,NA
1,N25,NA,MN_FY_HN,N,Y,N,K,5,11,0.0,0.0,0.0,0.0,0.0,NA,NA,NA,NA,0,0,1,NA,0.24133,NA,0.22721,-0.0602905915,NA
1,N26,NA,MN_FY_HN,N,Y,N,K,5,10,0.0,0.0,0.0,0.0,0.0,NA,NA,NA,NA,0,0,1,NA,0.24539,NA,0.23845,-0.02868913691,NA
1,N27,NA,MN_FY_HN,N,Y,N,K,4,9.1,0.0,0.0,0.0,0.0,NA,NA,NA,NA,NA,0,0,0,NA,0.29509,NA,NA,NA,on tape
1,N28,NA,MN_FY_HN,N,Y,N,K,5,9.6,0.0,0.0,0.0,0.0,0.0,NA,NA,NA,NA,0,0,0,NA,0.23857,NA,NA,NA,on tape
1,N29,NA,MN_FY_HN,N,Y,N,K,4,8.7,0.0,0.0,0.0,0.0,NA,NA,NA,NA,NA,0,0,1,NA,0.20283,NA,0.1906,-0.06219119855,NA
1,N30,NA,MN_FY_HN,N,Y,N,K,3,8.2,0.0,0.0,0.0,NA,NA,NA,NA,NA,NA,0,0,0,NA,0.0601,NA,NA,NA,NA
2,A37,A37_A42,MY_FY_HY,Y,Y,Y,K,6,11.8,0.0,0.0,1.0,1.0,0.0,0.0,NA,NA,NA,2,0.3333333333,6,0.1589,0.02648333333,0.3472,0.05786666667,0.7816259092,NA
2,A38,A37_A42,MY_FY_HY,Y,Y,Y,M,6,16.2,1.0,0.0,0.0,0.0,0.0,0.0,NA,NA,NA,1,0.1666666667,6,0.1589,0.02648333333,0.3472,0.05786666667,0.7816259092,NA
2,A39,A37_A42,MY_FY_HY,Y,Y,Y,K,6,11,0.0,0.0,1.0,1.0,0.0,0.0,NA,NA,NA,2,0.3333333333,6,0.1589,0.02648333333,0.3472,0.05786666667,0.7816259092,NA
2,A40,A37_A42,MY_FY_HY,Y,Y,Y,M,5,12.8,5.0,0.0,0.0,0.0,0.0,NA,NA,NA,NA,5,1,6,0.1589,0.02648333333,0.3472,0.05786666667,0.7816259092,NA
2,A41,A37_A42,MY_FY_HY,Y,Y,Y,K,6,10.1,0.0,0.0,2.0,0.0,0.0,0.0,NA,NA,NA,2,0.3333333333,6,0.1589,0.02648333333,0.3472,0.05786666667,0.7816259092,NA
2,A42,A37_A42,MY_FY_HY,Y,Y,Y,M,4,15.8,0.0,10.0,0.0,0.0,0.0,NA,NA,NA,NA,10,2.5,6,0.1589,0.02648333333,0.3472,0.05786666667,0.7816259092,NA
2,A43,A43_A48,MY_FY_HY,Y,Y,Y,K,4,11.8,0.0,0.0,0.0,0.0,0.0,NA,NA,NA,NA,0,0,6,0.33017,0.05502833333,0.29932,0.04988666667,-0.09809443812,NA
2,A44,A43_A48,MY_FY_HY,Y,Y,Y,M,6,12.2,25.0,0.0,0.0,1.0,25.0,1.0,NA,NA,NA,52,8.666666667,6,0.33017,0.05502833333,0.29932,0.04988666667,-0.09809443812,NA
2,A45,A43_A48,MY_FY_HY,Y,Y,Y,K,5,9.6,0.0,0.0,0.0,0.0,0.0,NA,NA,NA,NA,0,0,6,0.33017,0.05502833333,0.29932,0.04988666667,-0.09809443812,NA
2,A46,A43_A48,MY_FY_HY,Y,Y,Y,M,6,13,25.0,0.0,1.0,0.0,1.0,0.0,NA,NA,NA,27,4.5,6,0.33017,0.05502833333,0.29932,0.04988666667,-0.09809443812,NA
2,A47,A43_A48,MY_FY_HY,Y,Y,Y,K,5,11.1,0.0,2.0,0.0,0.0,0.0,NA,NA,NA,NA,2,0.4,6,0.33017,0.05502833333,0.29932,0.04988666667,-0.09809443812,caudal leaf eaten ~20%
2,A48,A43_A48,MY_FY_HY,Y,Y,Y,M,3,12.6,0.0,0.0,0.0,NA,NA,NA,NA,NA,NA,0,0,6,0.33017,0.05502833333,0.29932,0.04988666667,-0.09809443812,NA
2,A49,A49_A54,MY_FY_HY,Y,Y,Y,K,3,10.2,1.0,0.0,0.0,NA,NA,NA,NA,NA,NA,1,0.3333333333,5,0.16341,0.027235,0.25552,0.051104,0.6293598612,NA
2,A50,A49_A54,MY_FY_HY,Y,Y,Y,M,5,12.6,20.0,0.0,1.0,0.0,0.0,NA,NA,NA,NA,21,4.2,5,0.16341,0.027235,0.25552,0.051104,0.6293598612,NA
2,A51,A49_A54,MY_FY_HY,Y,Y,Y,M,4,13.5,4.0,3.0,0.0,2.0,NA,NA,NA,NA,NA,9,2.25,5,0.16341,0.027235,0.25552,0.051104,0.6293598612,NA
2,A52,A49_A54,MY_FY_HY,Y,Y,Y,K,4,9.5,0.0,0.0,0.0,0.0,NA,NA,NA,NA,NA,0,0,5,0.16341,0.027235,0.25552,0.051104,0.6293598612,NA
2,A53,A49_A54,MY_FY_HY,Y,Y,Y,K,4,9.2,0.0,0.0,0.0,0.0,NA,NA,NA,NA,NA,0,0,5,0.16341,0.027235,0.25552,0.051104,0.6293598612,NA
2,A54,A49_A54,MY_FY_HY,Y,Y,Y,M,5,13.6,1.0,0.0,0.0,0.0,0.0,NA,NA,NA,NA,1,0.2,5,0.16341,0.027235,0.25552,0.051104,0.6293598612,NA
2,A55,A55,MY_FY_HN,N,Y,N,K,5,8.4,0.0,0.0,0.0,0.0,0.0,NA,NA,NA,NA,0,0,1,NA,0.06816,NA,0.07178,0.0517480032,NA
2,A56,A56,MY_FY_HN,N,Y,N,K,6,10.4,0.0,0.0,16.0,0.0,1.0,0.0,NA,NA,NA,17,2.833333333,1,NA,0.34709,NA,0.133223,-0.9575596964,NA
2,A57,A57,MY_FY_HN,N,Y,N,K,6,12.2,0.0,4.0,0.0,0.0,0.0,0.0,NA,NA,NA,4,0.6666666667,1,NA,0.05876,NA,0.08356,0.3521035854,NA
2,A58,A58,MY_FY_HN,N,Y,N,K,5,8.5,0.0,2.0,0.0,2.0,0.0,NA,NA,NA,NA,4,0.8,1,NA,0.1169,NA,0.06417,-0.5997830567,NA
2,A59,A59,MY_FY_HN,N,Y,N,K,4,10.5,0.0,0.0,0.0,0.0,NA,NA,NA,NA,NA,0,0,0,NA,0.08216,NA,NA,NA,NA
2,A60,A60,MY_FY_HN,N,Y,N,K,7,11.8,0.0,0.0,1.0,0.0,0.0,0.0,0.0,NA,NA,1,0.1428571429,1,NA,0.32566,NA,0.05092,-1.855598119,NA
2,A61,A61,MY_FY_HN,N,Y,N,K,3,8,0.0,0.0,0.0,NA,NA,NA,NA,NA,NA,0,0,1,NA,0.03305,NA,0.03713,0.1164037019,NA
2,A62,A62,MY_FY_HN,N,Y,N,K,4,11.1,0.0,0.0,0.0,0.0,NA,NA,NA,NA,NA,0,0,1,NA,0.09996,NA,0.0533,-0.6288337748,NA
2,A63,A63,MY_FY_HN,N,Y,N,K,6,10.2,4.0,0.0,15.0,3.0,0.0,0.0,NA,NA,NA,22,3.666666667,1,NA,0.05976,NA,0.1437,-0.9242478555,NA
2,A64,A64,MY_FY_HN,N,Y,N,K,3,9.2,0.0,0.0,0.0,NA,NA,NA,NA,NA,NA,0,0,1,NA,0.36212,NA,0.05358,-0.5375645939,NA
2,A65,A65,MY_FY_HN,N,Y,N,K,5,10.9,0.0,0.0,0.0,30.0,0.0,NA,NA,NA,NA,30,6,1,NA,0.09172,NA,0.04353,-0.7452901024,NA
2,A66,A66,MY_FY_HN,N,Y,N,K,4,12.8,0.0,0.0,0.0,1.0,NA,NA,NA,NA,NA,1,0.25,1,NA,0.08918,NA,0.08577,-0.0389875042,NA
2,A67,A67,MY_FY_HN,N,Y,N,K,4,8.6,0.0,0.0,0.0,0.0,NA,NA,NA,NA,NA,0,0,1,NA,0.12741,NA,0.04982,-0.9389937232,NA
2,A68,A68,MY_FY_HN,N,Y,N,K,6,8.5,0.0,0.0,0.0,0.0,0.0,0.0,NA,NA,NA,0,0,1,NA,0.10518,NA,0.05209,-0.7027001764,NA
2,A69,A69,MY_FY_HN,N,Y,N,K,4,10.8,0.0,0.0,0.0,0.0,NA,NA,NA,NA,NA,0,0,1,NA,0.13732,NA,0.05212,-0.9687652163,NA
2,A70,A70,MY_FY_HN,N,Y,N,K,3,9.1,2.0,3.0,0.0,NA,NA,NA,NA,NA,NA,5,1.666666667,1,NA,0.13312,NA,0.063,-0.7481162507,NA
2,A71,A71,MY_FY_HN,N,Y,N,K,4,9,0.0,0.0,0.0,0.0,NA,NA,NA,NA,NA,0,0,1,NA,0.05643,NA,0.06943,0.2073181188,NA
2,A72,A72,MY_FY_HN,N,Y,N,K,5,12,0.0,0.0,0.0,0.0,0.0,NA,NA,NA,NA,0,0,1,NA,0.29966,NA,0.0409,-1.991518436,NA
2,N37,N37_N42,MY_FY_HN,Y,Y,N,K,4,8.8,0.0,0.0,0.0,0.0,NA,NA,NA,NA,NA,0,0,0,0.26723,0.04453833333,0.27969,0.046615,0.04557213617,NA
2,N38,N37_N42,MY_FY_HN,Y,Y,N,K,4,9,0.0,0.0,0.0,0.0,NA,NA,NA,NA,NA,0,0,0,0.26723,0.04453833333,0.27969,0.046615,0.04557213617,NA
2,N39,N37_N42,MY_FY_HN,Y,Y,N,K,5,8.5,0.0,5.0,0.0,2.0,0.0,NA,NA,NA,NA,7,1.4,1,0.26723,0.04453833333,0.27969,0.046615,0.04557213617,NA
2,N40,N37_N42,MY_FY_HN,Y,Y,N,K,3,8.4,0.0,1.0,0.0,NA,NA,NA,NA,NA,NA,1,0.3333333333,1,0.26723,0.04453833333,0.27969,0.046615,0.04557213617,NA
2,N41,N37_N42,MY_FY_HN,Y,Y,N,K,3,8.5,0.0,0.0,0.0,NA,NA,NA,NA,NA,NA,0,0,0,0.26723,0.04453833333,0.27969,0.046615,0.04557213617,NA
2,N42,N37_N42,MY_FY_HN,Y,Y,N,K,4,8.6,4.0,0.0,0.0,0.0,NA,NA,NA,NA,NA,4,1,0,0.26723,0.04453833333,0.27969,0.046615,0.04557213617,NA
2,N43,N43_N48,MY_FY_HN,Y,Y,N,K,4,8.6,0.0,0.0,6.0,0.0,NA,NA,NA,NA,NA,6,1.5,2,0.30854,0.05142333333,0.31048,0.05174666667,0.006267992477,NA
2,N44,N43_N48,MY_FY_HN,Y,Y,N,K,4,8.8,0.0,1.0,0.0,0.0,NA,NA,NA,NA,NA,1,0.25,0,0.30854,0.05142333333,0.31048,0.05174666667,0.006267992477,NA
2,N45,N43_N48,MY_FY_HN,Y,Y,N,K,4,8.9,0.0,0.0,0.0,0.0,NA,NA,NA,NA,NA,0,0,0,0.30854,0.05142333333,0.31048,0.05174666667,0.006267992477,NA
2,N46,N43_N48,MY_FY_HN,Y,Y,N,K,5,9.4,0.0,0.0,0.0,0.0,0.0,NA,NA,NA,NA,0,0,1,0.30854,0.05142333333,0.31048,0.05174666667,0.006267992477,NA
2,N47,N43_N48,MY_FY_HN,Y,Y,N,K,4,8.4,0.0,0.0,2.0,0.0,NA,NA,NA,NA,NA,2,0.5,1,0.30854,0.05142333333,0.31048,0.05174666667,0.006267992477,NA
2,N48,N43_N48,MY_FY_HN,Y,Y,N,K,4,9.3,5.0,0.0,0.0,0.0,NA,NA,NA,NA,NA,5,1.25,0,0.30854,0.05142333333,0.31048,0.05174666667,0.006267992477,NA
2,N49,N49_N54,MY_FY_HN,Y,Y,N,K,6,10.1,0.0,0.0,0.0,6.0,0.0,0.0,NA,NA,NA,6,1,0,0.25997,0.04332833333,0.26466,0.04411,0.0178797436,NA
2,N50,N49_N54,MY_FY_HN,Y,Y,N,K,6,10.4,0.0,11.0,4.0,0.0,0.0,0.0,NA,NA,NA,15,2.5,0,0.25997,0.04332833333,0.26466,0.04411,0.0178797436,NA
2,N51,N49_N54,MY_FY_HN,Y,Y,N,K,4,10.1,0.0,1.0,0.0,0.0,NA,NA,NA,NA,NA,1,0.25,1,0.25997,0.04332833333,0.26466,0.04411,0.0178797436,NA
2,N52,N49_N54,MY_FY_HN,Y,Y,N,K,5,9.3,4.0,0.0,0.0,7.0,0.0,NA,NA,NA,NA,11,2.2,0,0.25997,0.04332833333,0.26466,0.04411,0.0178797436,NA
2,N53,N49_N54,MY_FY_HN,Y,Y,N,K,5,9.5,0.0,0.0,0.0,0.0,0.0,NA,NA,NA,NA,0,0,1,0.25997,0.04332833333,0.26466,0.04411,0.0178797436,NA
2,N54,N49_N54,MY_FY_HN,Y,Y,N,K,4,9.6,0.0,0.0,1.0,0.0,NA,NA,NA,NA,NA,1,0.25,0,0.25997,0.04332833333,0.26466,0.04411,0.0178797436,NA
2,N55,N55,MN_FY_HY,N,Y,Y,K,5,11.6,0.0,0.0,0.0,0.0,0.0,NA,NA,NA,NA,0,0,1,NA,0.04261,NA,0.0547,0.2497747419,NA
2,N56,N56,MN_FY_HY,N,Y,Y,K,4,10.5,0.0,3.0,0.0,0.0,NA,NA,NA,NA,NA,3,0.75,1,NA,0.0332,NA,0.05451,0.4958342952,NA
2,N57,N57,MN_FY_HY,N,Y,Y,K,5,10.8,5.0,0.0,0.0,1.0,0.0,NA,NA,NA,NA,6,1.2,1,NA,0.04316,NA,0.05388,0.2218452112,NA
2,N58,N58,MN_FY_HY,N,Y,Y,K,4,9.6,0.0,0.0,0.0,0.0,NA,NA,NA,NA,NA,0,0,1,NA,0.04798,NA,0.0355,-0.3012515609,NA
2,N59,N59,MN_FY_HY,N,Y,Y,K,4,9.7,0.0,0.0,0.0,0.0,NA,NA,NA,NA,NA,0,0,1,NA,0.05453,NA,0.02482,-0.7871012292,NA
2,N60,N60,MN_FY_HY,N,Y,Y,K,3,8.1,0.0,0.0,0.0,NA,NA,NA,NA,NA,NA,0,0,1,NA,0.08619,NA,0.05982,-0.3652141085,NA
2,N61,N61,MN_FY_HY,N,Y,Y,K,4,8.9,0.0,0.0,2.0,0.0,NA,NA,NA,NA,NA,2,0.5,1,NA,0.05163,NA,0.04753,-0.08274180827,NA
2,N62,N62,MN_FY_HY,N,Y,Y,K,4,8.5,0.0,0.0,0.0,0.0,NA,NA,NA,NA,NA,0,0,1,NA,0.0868,NA,0.0613,-0.3478267787,NA
2,N63,N63,MN_FY_HY,N,Y,Y,K,3,7.3,0.0,0.0,0.0,NA,NA,NA,NA,NA,NA,0,0,1,NA,0.07045,NA,0.05657,-0.219424429,NA
2,N64,N64,MN_FY_HY,N,Y,Y,M,5,14.4,6.0,5.0,9.0,1.0,0.0,NA,NA,NA,NA,21,4.2,1,NA,0.03752,NA,0.03663,-0.02400654735,NA
2,N65,N65,MN_FY_HY,N,Y,Y,M,6,15.6,0.0,0.0,0.0,0.0,0.0,0.0,NA,NA,NA,0,0,1,NA,0.08173,NA,0.05717,-0.3573918463,NA
2,N66,N66,MN_FY_HY,N,Y,Y,M,6,15.5,0.0,0.0,0.0,0.0,0.0,0.0,NA,NA,NA,0,0,1,NA,0.02912,NA,0.04476,0.4298896601,NA
2,N67,N67,MN_FY_HY,N,Y,Y,M,4,15.7,0.0,4.0,1.0,0.0,NA,NA,NA,NA,NA,5,1.25,1,NA,0.06557,NA,0.0526,-0.2204021545,NA
2,N68,N68,MN_FY_HY,N,Y,Y,M,5,13.9,1.0,0.0,0.0,1.0,0.0,NA,NA,NA,NA,2,0.4,1,NA,0.03698,NA,0.01994,-0.6176494614,NA
2,N69,N69,MN_FY_HY,N,Y,Y,M,6,13.3,20.0,2.0,1.0,2.0,15.0,0.0,NA,NA,NA,40,6.666666667,1,NA,0.05123,NA,0.03059,-0.5156521398,NA
2,N70,N70,MN_FY_HY,N,Y,Y,M,5,12.5,0.0,0.0,15.0,0.0,0.0,NA,NA,NA,NA,15,3,1,NA,0.07014,NA,0.0428,-0.4939551421,NA
2,N71,N71,MN_FY_HY,N,Y,Y,M,4,10.2,20.0,1.0,0.0,3.0,NA,NA,NA,NA,NA,24,6,1,NA,0.32413,NA,0.04342,-2.010224505,NA
2,N72,N72,MN_FY_HY,N,Y,Y,M,3,10,0.0,3.0,45.0,NA,NA,NA,NA,NA,NA,48,16,1,NA,0.04949,NA,0.06898,0.3320459785,NA
3,A73,A73_A79,MY_FY_HN,Y,Y,N,K,7,12.2,0.0,2.0,3.0,0.0,0.0,0.0,0.0,NA,NA,5,0.7142857143,NA,0.29249,0.04874833333,0.35395,0.0884875,0.2980951451,NA
3,A74,A73_A79,MY_FY_HN,Y,Y,N,K,6,12.5,2.0,2.0,0.0,3.0,0.0,0.0,NA,NA,NA,7,1.166666667,NA,0.29249,0.04874833333,0.35395,0.0884875,0.2980951451,NA
3,A75,A73_A79,MY_FY_HN,Y,Y,N,K,5,12.2,1.0,2.0,1.0,0.0,2.0,NA,NA,NA,NA,6,1.2,NA,0.29249,0.04874833333,0.35395,0.0884875,0.2980951451,NA
3,A76,A73_A79,MY_FY_HN,Y,Y,N,K,6,12.1,5.0,3.0,3.0,7.0,8.0,0.0,NA,NA,NA,26,4.333333333,NA,0.29249,0.04874833333,0.35395,0.0884875,0.2980951451,NA
3,A77,A73_A79,MY_FY_HN,Y,Y,N,K,6,11.4,2.0,0.0,4.0,4.0,0.0,0.0,NA,NA,NA,10,1.666666667,NA,0.29249,0.04874833333,0.35395,0.0884875,0.2980951451,NA
3,A78,A73_A79,MY_FY_HN,Y,Y,N,K,7,11.8,10.0,2.0,0.0,0.0,5.0,0.0,0.0,NA,NA,17,2.428571429,NA,0.29249,0.04874833333,0.35395,0.0884875,0.2980951451,NA
3,A79,A80_A85,MY_FY_HN,Y,Y,N,K,6,11.5,2.0,8.0,2.0,2.0,5.0,0.0,NA,NA,NA,19,3.166666667,NA,0.28399,0.04733166667,0.127258,0.0254516,-0.3102004738,NA
3,A80,A80_A85,MY_FY_HN,Y,Y,N,K,7,14.5,4.0,6.0,7.0,0.0,0.0,6.0,0.0,NA,NA,23,3.285714286,NA,0.28399,0.04733166667,0.127258,0.0254516,-0.3102004738,NA
3,A81,A80_A85,MY_FY_HN,Y,Y,N,K,7,14.1,5.0,3.0,1.0,0.0,1.0,0.0,0.0,NA,NA,10,1.428571429,NA,0.28399,0.04733166667,0.127258,0.0254516,-0.3102004738,NA
3,A82,A80_A85,MY_FY_HN,Y,Y,N,K,5,10.6,0.0,1.0,12.0,4.0,1.0,NA,NA,NA,NA,18,3.6,NA,0.28399,0.04733166667,0.127258,0.0254516,-0.3102004738,NA
3,A83,A80_A85,MY_FY_HN,Y,Y,N,K,6,12.2,1.0,30.0,5.0,2.0,0.0,0.0,NA,NA,NA,38,6.333333333,NA,0.28399,0.04733166667,0.127258,0.0254516,-0.3102004738,NA
3,A84,A80_A85,MY_FY_HN,Y,Y,N,K,6,9.6,5.0,0.0,0.0,2.0,1.0,0.0,NA,NA,NA,8,1.333333333,NA,0.28399,0.04733166667,0.127258,0.0254516,-0.3102004738,NA
3,A85,A86_A91,MY_FY_HN,Y,Y,N,K,6,12.1,3.0,8.0,0.0,1.0,12.0,0.0,NA,NA,NA,24,4,NA,0.27092,0.04515333333,0.5572,0.11144,0.4517111122,NA
3,A86,A86_A91,MY_FY_HN,Y,Y,N,K,6,11.6,2.0,1.0,0.0,0.0,1.0,NA,NA,NA,NA,4,0.6666666667,NA,0.27092,0.04515333333,0.5572,0.11144,0.4517111122,NA
3,A87,A86_A91,MY_FY_HN,Y,Y,N,K,6,11,0.0,8.0,0.0,0.0,0.0,0.0,NA,NA,NA,8,1.333333333,NA,0.27092,0.04515333333,0.5572,0.11144,0.4517111122,NA
3,A88,A86_A91,MY_FY_HN,Y,Y,N,K,7,14.1,3.0,3.0,0.0,5.0,15.0,0.0,0.0,NA,NA,26,3.714285714,NA,0.27092,0.04515333333,0.5572,0.11144,0.4517111122,NA
3,A89,A86_A91,MY_FY_HN,Y,Y,N,K,5,10.5,4.0,8.0,0.0,0.0,0.0,NA,NA,NA,NA,12,2.4,NA,0.27092,0.04515333333,0.5572,0.11144,0.4517111122,NA
3,A90,A86_A90,MY_FY_HN,Y,Y,N,K,6,13,0.0,0.0,3.0,0.0,0.0,1.0,NA,NA,NA,4,0.6666666667,NA,0.27092,0.04515333333,0.5572,0.11144,0.4517111122,NA
3,A91,A91,MN_FY_HY,N,Y,N,K,6,11.1,1.0,7.0,3.0,2.0,0.0,0.0,NA,NA,NA,13,2.166666667,NA,NA,0.0523,NA,0.08799,0.2601134003,NA
3,A92,A92,MN_FY_HY,N,Y,N,K,6,12.1,20.0,0.0,0.0,6.0,0.0,0.0,NA,NA,NA,26,4.333333333,NA,NA,0.04516,NA,0.09917,0.393311905,NA
3,A93,A93,MN_FY_HY,N,Y,N,K,6,12,25.0,0.0,12.0,0.0,0.0,1.0,NA,NA,NA,38,6.333333333,NA,NA,0.04976,NA,0.13213,0.488287419,NA
3,A94,A94,MN_FY_HY,N,Y,N,K,6,12.5,2.0,2.0,6.0,13.0,1.0,1.0,NA,NA,NA,25,4.166666667,NA,NA,0.04798,NA,0.16647,0.6220154278,NA
3,A95,A95,MN_FY_HY,N,Y,N,K,5,10.8,8.0,3.0,9.0,0.0,0.0,NA,NA,NA,NA,20,4,NA,NA,0.03955,NA,0.13178,0.6017840856,NA
3,A96,A96,MN_FY_HY,N,Y,N,K,5,9.5,0.0,4.0,0.0,3.0,6.0,NA,NA,NA,NA,13,2.6,NA,NA,0.0457,NA,0.0992,0.3875198582,NA
3,A97,A97,MN_FY_HY,N,Y,N,K,6,9.7,30.0,4.0,18.0,2.0,3.0,2.0,NA,NA,NA,59,9.833333333,NA,NA,0.04217,NA,NA,NA,2 spods were found on the bag
3,A98,A98,MN_FY_HY,N,Y,N,K,5,10.2,2.0,4.0,1.0,0.0,0.0,NA,NA,NA,NA,7,1.4,NA,NA,0.04067,NA,0.06022,0.1962569016,NA
3,A99,A99,MN_FY_HY,N,Y,N,K,7,14.5,0.0,0.0,0.0,0.0,0.0,4.0,0.0,NA,NA,4,0.5714285714,NA,NA,0.05092,NA,NA,NA,no spod found
3,A100,A100,MN_FY_HY,N,Y,Y,M,5,13,25.0,35.0,10.0,0.0,0.0,0.0,NA,NA,NA,70,14,NA,NA,0.03163,NA,0.08859,0.5149564736,NA
3,A101,A101,MN_FY_HY,N,Y,Y,M,7,17.5,15.0,30.0,10.0,0.0,2.0,0.0,0.0,NA,NA,57,8.142857143,NA,NA,0.05249,NA,0.13787,0.4828442685,NA
3,A102,A102,MN_FY_HY,N,Y,Y,M,3,7.2,6.0,6.0,1.0,NA,NA,NA,NA,NA,NA,13,4.333333333,NA,NA,0.0438,NA,0.05746,0.1357276181,NA
3,A103,A103,MN_FY_HY,N,Y,Y,M,5,10,15.0,10.0,3.0,4.0,3.0,NA,NA,NA,NA,35,7,NA,NA,0.05088,NA,0.09229,0.2977329371,NA
3,A104,A104,MN_FY_HY,N,Y,Y,M,5,13.7,15.0,0.0,9.0,1.0,0.0,NA,NA,NA,NA,25,5,NA,NA,0.04898,NA,0.08464,0.2734974583,NA
3,A105,A105,MN_FY_HY,N,Y,Y,M,6,14.5,30.0,45.0,3.0,1.0,1.0,0.0,NA,NA,NA,80,13.33333333,NA,NA,0.05308,NA,0.12966,0.4465577151,NA
3,A106,A106,MN_FY_HY,N,Y,Y,M,6,13,65.0,30.0,6.0,1.0,0.0,1.0,NA,NA,NA,103,17.16666667,NA,NA,0.04304,NA,0.12355,0.5272580083,NA
3,A107,A107,MN_FY_HY,N,Y,Y,M,6,12.5,10.0,35.0,6.0,1.0,0.0,0.0,NA,NA,NA,52,8.666666667,NA,NA,0.04151,NA,0.10544,0.4661038543,NA
3,A108,A108,MN_FY_HY,N,Y,Y,M,5,10.5,50.0,15.0,18.0,18.0,2.0,NA,NA,NA,NA,103,20.6,NA,NA,0.07852,NA,0.16221,0.3627692113,NA
3,N73,N73_N78,MY_FY_HY,Y,Y,Y,K,6,10.4,27.0,8.0,6.0,4.0,3.0,0.0,NA,NA,NA,48,8,6,0.2655,0.04425,0.43552,0.07258666667,0.2474629394,NA
3,N74,N73_N78,MY_FY_HY,Y,Y,Y,M,4,8.4,15.0,8.0,0.0,0.0,NA,NA,NA,NA,NA,23,5.75,6,0.2655,0.04425,0.43552,0.07258666667,0.2474629394,NA
3,N75,N73_N78,MY_FY_HY,Y,Y,Y,K,5,10,3.0,3.0,2.0,0.0,0.0,NA,NA,NA,NA,8,1.6,6,0.2655,0.04425,0.43552,0.07258666667,0.2474629394,NA
3,N76,N73_N78,MY_FY_HY,Y,Y,Y,M,4,9.1,23.0,8.0,1.0,1.0,NA,NA,NA,NA,NA,33,8.25,6,0.2655,0.04425,0.43552,0.07258666667,0.2474629394,NA
3,N77,N73_N78,MY_FY_HY,Y,Y,Y,K,4,8.2,7.0,2.0,2.0,0.0,NA,NA,NA,NA,NA,11,2.75,6,0.2655,0.04425,0.43552,0.07258666667,0.2474629394,NA
3,N78,N73_N78,MY_FY_HY,Y,Y,Y,M,5,7.9,23.0,8.0,1.0,0.0,0.0,NA,NA,NA,NA,32,6.4,6,0.2655,0.04425,0.43552,0.07258666667,0.2474629394,NA
3,N79,N79_N84,MY_FY_HY,Y,Y,Y,K,7,10.7,12.0,5.0,4.0,2.0,1.0,1.0,0.0,NA,NA,25,3.571428571,6,0.30886,0.05147666667,0.39306,0.06551,0.1205370861,NA
3,N80,N79_N84,MY_FY_HY,Y,Y,Y,M,6,14,28.0,1.0,1.0,0.0,0.0,0.0,NA,NA,NA,30,5,6,0.30886,0.05147666667,0.39306,0.06551,0.1205370861,NA
3,N81,N79_N84,MY_FY_HY,Y,Y,Y,K,6,10.5,20.0,17.0,6.0,0.0,0.0,0.0,NA,NA,NA,43,7.166666667,6,0.30886,0.05147666667,0.39306,0.06551,0.1205370861,NA
3,N82,N79_N84,MY_FY_HY,Y,Y,Y,M,6,15,9.0,8.0,8.0,1.0,0.0,0.0,NA,NA,NA,26,4.333333333,6,0.30886,0.05147666667,0.39306,0.06551,0.1205370861,NA
3,N83,N79_N84,MY_FY_HY,Y,Y,Y,K,7,10.6,25.0,4.0,2.0,0.0,0.0,0.0,0.0,NA,NA,31,4.428571429,6,0.30886,0.05147666667,0.39306,0.06551,0.1205370861,NA
3,N84,N79_N84,MY_FY_HY,Y,Y,Y,M,6,13.5,3.0,1.0,1.0,0.0,0.0,0.0,NA,NA,NA,5,0.8333333333,6,0.30886,0.05147666667,0.39306,0.06551,0.1205370861,NA
3,N85,N85_N90,MY_FY_HY,Y,Y,Y,K,6,11.4,14.0,3.0,2.0,0.0,0.0,0.0,NA,NA,NA,19,3.166666667,6,0.27882,0.04647,0.51936,0.08656,0.311015436,NA
3,N86,N85_N90,MY_FY_HY,Y,Y,Y,M,6,15.5,2.0,1.0,0.0,0.0,0.0,0.0,NA,NA,NA,3,0.5,6,0.27882,0.04647,0.51936,0.08656,0.311015436,NA
3,N87,N85_N90,MY_FY_HY,Y,Y,Y,K,7,10.9,26.0,11.0,3.0,2.0,0.0,0.0,0.0,NA,NA,42,6,6,0.27882,0.04647,0.51936,0.08656,0.311015436,NA
3,N88,N85_N90,MY_FY_HY,Y,Y,Y,M,7,15.1,2.0,0.0,0.0,0.0,0.0,0.0,0.0,NA,NA,2,0.2857142857,6,0.27882,0.04647,0.51936,0.08656,0.311015436,NA
3,N89,N85_N90,MY_FY_HY,Y,Y,Y,K,6,12,4.0,1.0,0.0,0.0,0.0,0.0,NA,NA,NA,5,0.8333333333,6,0.27882,0.04647,0.51936,0.08656,0.311015436,NA
3,N90,N85_N90,MY_FY_HY,Y,Y,Y,M,6,15,4.0,3.0,1.0,0.0,0.0,0.0,NA,NA,NA,8,1.333333333,6,0.27882,0.04647,0.51936,0.08656,0.311015436,NA
3,N91,N91,MN_FY_HN,N,Y,N,K,7,14.5,5.0,4.0,1.0,0.0,0.0,0.0,0.0,NA,NA,10,1.428571429,1,NA,0.05981,NA,0.10325,0.2729901804,NA
3,N92,N92,MN_FY_HN,N,Y,N,K,6,11.7,3.0,1.0,0.0,0.0,0.0,0.0,NA,NA,NA,4,0.6666666667,1,NA,0.05192,NA,0.06531,0.1147205458,NA
3,N93,N93,MN_FY_HN,N,Y,N,K,7,13.1,10.0,7.0,6.0,0.0,0.0,0.0,0.0,NA,NA,23,3.285714286,1,NA,0.04346,NA,0.08736,0.3490982686,NA
3,N94,N94,MN_FY_HN,N,Y,N,K,7,13.5,16.0,13.0,0.0,0.0,0.0,0.0,0.0,NA,NA,29,4.142857143,1,NA,0.04964,NA,0.11887,0.4366167493,NA
3,N95,N95,MN_FY_HN,N,Y,N,K,6,12.6,4.0,1.0,0.0,0.0,0.0,0.0,NA,NA,NA,5,0.8333333333,1,NA,0.05211,NA,0.05343,0.01250775852,NA
3,N96,N96,MN_FY_HN,N,Y,N,K,6,12.5,15.0,9.0,6.0,2.0,0.0,0.0,NA,NA,NA,32,5.333333333,1,NA,0.06058,NA,0.09648,0.2326854637,NA
3,N97,N97,MN_FY_HN,N,Y,N,K,4,12.4,8.0,3.0,2.0,0.0,NA,NA,NA,NA,NA,13,3.25,1,NA,0.05469,NA,0.08376,0.2131373446,NA
3,N98,N98,MN_FY_HN,N,Y,N,K,6,9.8,7.0,2.0,0.0,0.0,0.0,0.0,NA,NA,NA,9,1.5,1,NA,0.03992,NA,0.06971,0.278733164,NA
3,N99,N99,MN_FY_HN,N,Y,N,K,5,10.2,18.0,0.0,0.0,0.0,0.0,NA,NA,NA,NA,18,3.6,1,NA,0.04524,NA,0.11461,0.4647767046,NA
3,N100,N100,MN_FY_HN,N,Y,N,K,6,9.5,3.0,2.0,2.0,0.0,0.0,0.0,NA,NA,NA,7,1.166666667,1,NA,0.04903,NA,0.06505,0.1413619246,NA
3,N101,N101,MN_FY_HN,N,Y,N,K,6,10.3,18.0,9.0,1.0,0.0,0.0,0.0,NA,NA,NA,28,4.666666667,1,NA,0.05387,NA,0.11323,0.3714237058,NA
3,N102,N102,MN_FY_HN,N,Y,N,K,4,11.5,15.0,10.0,6.0,3.0,NA,NA,NA,NA,NA,34,8.5,1,NA,0.0431,NA,0.10695,0.4544192192,NA
3,N103,N103,MN_FY_HN,N,Y,N,K,5,10.6,8.0,0.0,0.0,0.0,0.0,NA,NA,NA,NA,8,1.6,1,NA,0.04467,NA,0.06981,0.2232375653,NA
3,N104,N104,MN_FY_HN,N,Y,N,K,6,9.1,20.0,11.0,0.0,0.0,0.0,0.0,NA,NA,NA,31,5.166666667,1,NA,0.05132,NA,0.07838,0.2117441265,NA
3,N105,N105,MN_FY_HN,N,Y,N,K,5,11.4,5.0,2.0,1.0,0.0,0.0,NA,NA,NA,NA,8,1.6,1,NA,0.04926,NA,0.09292,0.3173132576,NA
3,N106,N106,MN_FY_HN,N,Y,N,K,4,11.5,3.0,2.0,0.0,0.0,NA,NA,NA,NA,NA,5,1.25,1,NA,0.04811,NA,0.05349,0.05300233242,NA
3,N107,N107,MN_FY_HN,N,Y,N,K,6,10.4,16.0,10.0,2.0,0.0,0.0,0.0,NA,NA,NA,28,4.666666667,1,NA,0.05852,NA,0.12614,0.3840119125,NA
3,N108,N108,MN_FY_HN,N,Y,N,K,4,13,7.0,0.0,0.0,0.0,NA,NA,NA,NA,NA,7,1.75,1,NA,0.04926,NA,0.0537,0.04315030441,NA
4,A109,A109_A114,MY_FY_HY,Y,Y,N,K,6,8.5,6.0,10.0,0.0,10.0,3.0,0.0,NA,NA,NA,29,4.833333333,6,0.33938,0.05656333333,0.63871,0.1064516667,0.3161650469,all kale leaves are much more purple and colored this round; stems also seem stronger; data collection started at 11AM
4,A110,A109_A114,MY_FY_HY,Y,Y,N,K,6,10,40.0,0.0,10.0,2.0,2.0,2.0,NA,NA,NA,56,9.333333333,6,0.33938,0.05656333333,0.63871,0.1064516667,0.3161650469,NA
4,A111,A109_A114,MY_FY_HY,Y,Y,N,K,6,8.6,25.0,4.0,0.0,0.0,5.0,0.0,NA,NA,NA,34,5.666666667,6,0.33938,0.05656333333,0.63871,0.1064516667,0.3161650469,NA
4,A112,A109_A114,MY_FY_HY,Y,Y,N,K,6,8.8,5.0,1.0,0.0,6.0,5.0,0.0,NA,NA,NA,17,2.833333333,6,0.33938,0.05656333333,0.63871,0.1064516667,0.3161650469,NA
4,A113,A109_A114,MY_FY_HY,Y,Y,N,K,6,8,0.0,100.0,1.0,0.0,1.0,0.0,NA,NA,NA,102,17,6,0.33938,0.05656333333,0.63871,0.1064516667,0.3161650469,NA
4,A114,A109_A114,MY_FY_HY,Y,Y,N,K,6,7.8,20.0,0.0,20.0,7.0,1.0,0.0,NA,NA,NA,48,8,6,0.33938,0.05656333333,0.63871,0.1064516667,0.3161650469,NA
4,A115,A115_A120,MY_FY_HY,Y,Y,N,K,5,7,6.0,27.0,1.0,5.0,4.0,NA,NA,NA,NA,43,8.6,5,0.4043,0.06738333333,0.64189,0.128378,0.3222906648,NA
4,A116,A115_A120,MY_FY_HY,Y,Y,N,K,6,9,5.0,0.0,0.0,10.0,7.0,0.0,NA,NA,NA,22,3.666666667,5,0.4043,0.06738333333,0.64189,0.128378,0.3222906648,NA
4,A117,A115_A120,MY_FY_HY,Y,Y,N,K,6,7.5,0.0,12.0,2.0,1.0,2.0,0.0,NA,NA,NA,17,2.833333333,5,0.4043,0.06738333333,0.64189,0.128378,0.3222906648,NA
4,A118,A115_A120,MY_FY_HY,Y,Y,N,K,6,9.1,4.0,4.0,15.0,25.0,0.0,2.0,NA,NA,NA,50,8.333333333,5,0.4043,0.06738333333,0.64189,0.128378,0.3222906648,NA
4,A119,A115_A120,MY_FY_HY,Y,Y,N,K,6,8.8,2.0,12.0,15.0,25.0,0.0,0.0,NA,NA,NA,54,9,5,0.4043,0.06738333333,0.64189,0.128378,0.3222906648,NA
4,A120,A115_A120,MY_FY_HY,Y,Y,N,K,6,8.5,0.0,1.0,4.0,8.0,0.0,0.0,NA,NA,NA,13,2.166666667,5,0.4043,0.06738333333,0.64189,0.128378,0.3222906648,NA
4,A121,A121_126,MY_FY_HY,Y,Y,N,K,6,8.5,2.0,100.0,0.0,3.0,4.0,0.0,NA,NA,NA,109,18.16666667,6,0.54941,0.09156833333,0.87465,0.145775,0.2324894156,NA
4,A122,A121_126,MY_FY_HY,Y,Y,N,K,5,8.6,1.0,50.0,5.0,3.0,1.0,NA,NA,NA,NA,60,12,6,0.54941,0.09156833333,0.87465,0.145775,0.2324894156,NA
4,A123,A121_126,MY_FY_HY,Y,Y,N,K,6,9.1,5.0,25.0,1.0,20.0,12.0,0.0,NA,NA,NA,63,10.5,6,0.54941,0.09156833333,0.87465,0.145775,0.2324894156,NA
4,A124,A121_126,MY_FY_HY,Y,Y,N,K,6,8.1,80.0,0.0,12.0,0.0,1.0,0.0,NA,NA,NA,93,15.5,6,0.54941,0.09156833333,0.87465,0.145775,0.2324894156,NA
4,A125,A121_126,MY_FY_HY,Y,Y,N,K,6,9.2,NA,NA,NA,NA,NA,NA,NA,NA,NA,0,0,6,0.54941,0.09156833333,0.87465,0.145775,0.2324894156,NA
4,A126,A121_126,MY_FY_HY,Y,Y,N,K,6,9.5,30.0,0.0,12.0,4.0,3.0,0.0,NA,NA,NA,49,8.166666667,6,0.54941,0.09156833333,0.87465,0.145775,0.2324894156,NA
4,A127,A127,MN_FY_HN,N,Y,N,K,6,8.6,0.0,2.0,8.0,23.0,1.0,0.0,NA,NA,NA,34,5.666666667,1,NA,0.06819,NA,0.14327,0.3712165177,NA
4,A128,A128,MN_FY_HN,N,Y,N,K,6,7.6,0.0,1.0,5.0,0.0,1.0,1.0,NA,NA,NA,8,1.333333333,1,NA,0.03925,NA,0.07788,0.3426088681,1 leaf wilted
4,A129,A129,MN_FY_HN,N,Y,N,K,6,7.9,3.0,0.0,15.0,6.0,2.0,0.0,NA,NA,NA,26,4.333333333,1,NA,0.05798,NA,0.1155,0.3445862032,NA
4,A130,A130,MN_FY_HN,N,Y,N,K,6,9.7,1.0,0.0,3.0,8.0,0.0,0.0,NA,NA,NA,12,2,1,NA,0.04137,NA,0.08095,0.3356378498,NA
4,A131,A131,MN_FY_HN,N,Y,N,K,5,8.8,20.0,0.0,12.0,8.0,1.0,0.0,NA,NA,NA,41,8.2,1,NA,0.04497,NA,0.0878,0.3345329499,NA
4,A132,A132,MN_FY_HN,N,Y,N,K,6,7.8,0.0,0.0,0.0,0.0,0.0,0.0,NA,NA,NA,0,0,1,NA,0.10882,NA,0.08745,-0.1093139698,NA
4,A133,A133,MN_FY_HN,N,Y,N,K,6,7.4,0.0,0.0,3.0,20.0,0.0,4.0,NA,NA,NA,27,4.5,1,NA,0.03627,NA,0.09172,0.4638747523,NA
4,A134,A134,MN_FY_HN,N,Y,N,K,6,8.2,5.0,30.0,4.0,1.0,0.0,0.0,NA,NA,NA,40,6.666666667,1,NA,0.08364,NA,0.17671,0.3739940481,NA
4,A135,A135,MN_FY_HN,N,Y,N,K,6,8.1,15.0,3.0,20.0,5.0,0.0,1.0,NA,NA,NA,44,7.333333333,1,NA,0.10716,NA,0.13502,0.1155499355,NA
4,A136,A136,MN_FY_HN,N,Y,N,M,7,15,0.0,0.0,0.0,1.0,0.0,0.0,0.0,NA,NA,1,0.1428571429,1,NA,0.04044,NA,0.03342,-0.09533243549,NA
4,A137,A137,MN_FY_HN,N,Y,N,M,6,12.5,12.0,20.0,3.0,1.0,0.0,0.0,N/A,NA,NA,36,6,1,NA,0.05026,NA,0.08275,0.2493072411,NA
4,A138,A138,MN_FY_HN,N,Y,N,M,8,17.5,60.0,27.0,8.0,4.0,1.0,1.0,1.0,0.0,NA,102,12.75,1,NA,0.05766,NA,0.0983,0.2667301675,NA
4,A139,A139,MN_FY_HN,N,Y,N,M,9,16.5,60.0,30.0,15.0,1.0,1.0,0.0,0.0,0.0,0.0,107,11.88888889,1,NA,0.11274,NA,0.13706,0.09766725175,NA
4,A140,A140,MN_FY_HN,N,Y,N,M,7,13.5,5.0,1.0,0.0,6.0,1.0,0.0,0.0,NA,NA,13,1.857142857,1,NA,0.0339,NA,0.05332,0.2264482405,NA
4,A141,A141,MN_FY_HN,N,Y,N,M,7,16.2,30.0,3.0,4.0,4.0,0.0,0.0,2.0,NA,NA,43,6.142857143,1,NA,0.03017,NA,0.06674,0.3969782101,NA
4,A142,A142,MN_FY_HN,N,Y,N,M,7,10.7,35.0,50.0,2.0,2.0,0.0,0.0,0.0,NA,NA,89,12.71428571,1,NA,0.08564,NA,0.10636,0.1083385513,NA
4,A143,A143,MN_FY_HN,N,Y,N,M,8,14.1,40.0,5.0,14.0,3.0,0.0,0.0,1.0,0.0,NA,63,7.875,1,NA,0.08555,NA,0.1146,0.146173402,NA
4,A144,A144,MN_FY_HN,N,Y,N,M,7,12.5,60.0,32.0,0.0,1.0,0.0,0.0,0.0,NA,NA,93,13.28571429,1,NA,0.05354,NA,0.09789,0.3017076806,NA
4,N109,N109_N114,MY_FY_HY,Y,Y,Y,K,6,7.5,35.0,18.0,11.0,7.0,4.0,0.0,NA,NA,NA,75,12.5,6,0.46924,0.07820666667,0.74973,0.124955,0.2342993885,NA
4,N110,N109_N114,MY_FY_HY,Y,Y,Y,M,6,13,5.0,1.0,1.0,0.0,0.0,0.0,NA,NA,NA,7,1.166666667,6,0.46924,0.07820666667,0.74973,0.124955,0.2342993885,NA
4,N111,N109_N114,MY_FY_HY,Y,Y,Y,K,6,7.8,27.0,12.0,5.0,3.0,0.0,0.0,NA,NA,NA,47,7.833333333,6,0.46924,0.07820666667,0.74973,0.124955,0.2342993885,NA
4,N112,N109_N114,MY_FY_HY,Y,Y,Y,M,7,12.6,45.0,6.0,4.0,2.0,1.0,0.0,0.0,NA,NA,58,8.285714286,6,0.46924,0.07820666667,0.74973,0.124955,0.2342993885,NA
4,N113,N109_N114,MY_FY_HY,Y,Y,Y,K,6,7.6,42.0,35.0,21.0,19.0,9.0,8.0,NA,NA,NA,134,22.33333333,6,0.46924,0.07820666667,0.74973,0.124955,0.2342993885,NA
4,N114,N109_N114,MY_FY_HY,Y,Y,Y,M,7,14.7,6.0,4.0,2.0,0.0,0.0,0.0,0.0,NA,NA,12,1.714285714,6,0.46924,0.07820666667,0.74973,0.124955,0.2342993885,NA
4,N115,N115_N120,MY_FY_HY,Y,Y,Y,K,6,7.7,58.0,18.0,15.0,12.0,2.0,1.0,0.0,NA,NA,106,17.66666667,5,0.47582,0.07930333333,0.613,0.1226,0.2178234306,NA
4,N116,N115_N120,MY_FY_HY,Y,Y,Y,M,7,14.8,23.0,5.0,1.0,0.0,0.0,0.0,0.0,NA,NA,29,4.142857143,5,0.47582,0.07930333333,0.613,0.1226,0.2178234306,NA
4,N117,N115_N120,MY_FY_HY,Y,Y,Y,K,6,7.9,52.0,37.0,11.0,2.0,1.0,0.0,NA,NA,NA,103,17.16666667,5,0.47582,0.07930333333,0.613,0.1226,0.2178234306,NA
4,N118,N115_N120,MY_FY_HY,Y,Y,Y,M,6,13.6,73.0,2.0,2.0,0.0,0.0,0.0,NA,NA,NA,77,12.83333333,5,0.47582,0.07930333333,0.613,0.1226,0.2178234306,NA
4,N119,N115_N120,MY_FY_HY,Y,Y,Y,K,5,8.1,25.0,21.0,14.0,9.0,0.0,NA,NA,NA,NA,69,13.8,5,0.47582,0.07930333333,0.613,0.1226,0.2178234306,NA
4,N120,N115_N120,MY_FY_HY,Y,Y,Y,M,7,15.8,21.0,0.0,0.0,0.0,0.0,0.0,0.0,NA,NA,21,3,5,0.47582,0.07930333333,0.613,0.1226,0.2178234306,NA
4,N121,N121_N126,MY_FY_HY,Y,Y,Y,K,6,7.8,54.0,18.0,16.0,13.0,5.0,1.0,NA,NA,NA,107,17.83333333,6,0.55765,0.09294166667,0.81627,0.136045,0.1905068286,NA
4,N122,N121_N126,MY_FY_HY,Y,Y,Y,M,7,11,2.0,1.0,0.0,0.0,0.0,0.0,0.0,NA,NA,3,0.4285714286,6,0.55765,0.09294166667,0.81627,0.136045,0.1905068286,NA
4,N123,N121_N126,MY_FY_HY,Y,Y,Y,K,7,7.6,21.0,12.0,5.0,2.0,1.0,0.0,0.0,NA,NA,41,5.857142857,6,0.55765,0.09294166667,0.81627,0.136045,0.1905068286,NA
4,N124,N121_N126,MY_FY_HY,Y,Y,Y,M,5,12.1,5.0,3.0,0.0,0.0,0.0,NA,NA,NA,NA,8,1.6,6,0.55765,0.09294166667,0.81627,0.136045,0.1905068286,NA
4,N125,N121_N126,MY_FY_HY,Y,Y,Y,K,5,8,45.0,34.0,27.0,1.0,1.0,NA,NA,NA,NA,108,21.6,6,0.55765,0.09294166667,0.81627,0.136045,0.1905068286,NA
4,N126,N121_N126,MY_FY_HY,Y,Y,Y,M,6,10.2,2.0,0.0,0.0,0.0,0.0,0.0,NA,NA,NA,2,0.3333333333,6,0.55765,0.09294166667,0.81627,0.136045,0.1905068286,NA
4,N127,N127,MN_FY_HN,N,Y,N,K,6,8.7,23.0,19.0,4.0,0.0,0.0,0.0,NA,NA,NA,46,7.666666667,1,NA,0.12427,NA,0.17096,0.1594864966,NA
4,N128,N128,MN_FY_HN,N,Y,N,K,5,7.3,54.0,11.0,4.0,0.0,0.0,NA,NA,NA,NA,69,13.8,1,NA,0.09312,NA,0.12265,0.1377228934,NA
4,N129,N129,MN_FY_HN,N,Y,N,K,6,9.2,7.0,6.0,5.0,2.0,1.0,1.0,NA,NA,NA,22,3.666666667,1,NA,0.11487,NA,0.11636,0.006443889735,NA
4,N130,N130,MN_FY_HN,N,Y,N,K,5,8,63.0,19.0,3.0,2.0,0.0,NA,NA,NA,NA,87,17.4,1,NA,0.07693,NA,0.10738,0.1667390138,NA
4,N131,N131,MN_FY_HN,N,Y,N,K,6,6.6,13.0,12.0,11.0,9.0,4.0,0.0,NA,NA,NA,49,8.166666667,1,NA,0.05839,NA,0.07531,0.1272341429,NA
4,N132,N132,MN_FY_HN,N,Y,N,K,5,7.6,68.0,4.0,0.0,0.0,0.0,NA,NA,NA,NA,72,14.4,1,NA,0.07586,NA,0.13014,0.2698606289,NA
4,N133,N133,MN_FY_HN,N,Y,N,K,6,7.5,10.0,9.0,8.0,6.0,0.0,0.0,NA,NA,NA,33,5.5,1,NA,0.10658,NA,0.13326,0.1117031151,NA
4,N134,N134,MN_FY_HN,N,Y,N,K,6,8.1,37.0,14.0,8.0,6.0,2.0,0.0,NA,NA,NA,67,11.16666667,1,NA,0.08106,NA,0.12509,0.2169219285,NA
4,N135,N135,MN_FY_HN,N,Y,N,K,5,7.2,21.0,15.0,13.0,9.0,0.0,NA,NA,NA,NA,58,11.6,1,NA,0.13325,NA,0.19186,0.1822694382,NA
4,N136,N136,MN_FY_HN,N,Y,N,K,6,7.7,19.0,7.0,4.0,3.0,1.0,0.0,NA,NA,NA,34,5.666666667,1,NA,0.10537,NA,0.1216,0.07162950196,NA
4,N137,N137,MN_FY_HN,N,Y,N,K,6,8,24.0,8.0,0.0,0.0,0.0,0.0,NA,NA,NA,32,5.333333333,1,NA,0.06078,NA,0.10466,0.2717281067,NA
4,N138,N138,MN_FY_HN,N,Y,N,K,5,7,65.0,24.0,17.0,12.0,0.0,NA,NA,NA,NA,118,23.6,1,NA,0.0655,NA,0.09149,0.167089767,NA
4,N139,N139,MN_FY_HN,N,Y,N,K,5,7.7,23.0,0.0,0.0,0.0,0.0,NA,NA,NA,NA,23,4.6,1,NA,0.064,NA,0.12108,0.3187842004,NA
4,N140,N140,MN_FY_HN,N,Y,N,K,5,6.3,71.0,67.0,6.0,0.0,0.0,NA,NA,NA,NA,144,28.8,1,NA,0.09634,NA,0.19469,0.3517624744,NA
4,N141,N141,MN_FY_HN,N,Y,N,K,5,7.5,48.0,23.0,5.0,2.0,0.0,NA,NA,NA,NA,78,15.6,1,NA,0.11492,NA,0.15807,0.1594008694,NA
4,N142,N142,MN_FY_HN,N,Y,N,K,6,7.4,26.0,13.0,2.0,1.0,0.0,0.0,NA,NA,NA,42,7,1,NA,0.05483,NA,0.09848,0.2928079962,NA
4,N143,N143,MN_FY_HN,N,Y,N,K,6,7.3,49.0,46.0,8.0,1.0,0.0,0.0,NA,NA,NA,104,17.33333333,1,NA,0.08052,NA,0.14075,0.2792398331,NA
4,N144,N144,MN_FY_HN,N,Y,N,K,5,7.6,28.0,21.0,17.0,2.0,0.0,NA,NA,NA,NA,68,13.6,1,NA,0.09639,NA,0.14556,0.2060929555,NA
